equipment_id,manufacturer,model,title,url,document_type,language,checked_at,redistribution,local_path,index_scope
PRN-HP-01,HP,LaserJet Enterprise MFP 5602,Repair Manual (model family includes MFP 5602),https://support.hp.com/us-en/product/setup-user-guides/hp-laserjet-enterprise-mfp-5602-printer-series/model/2101518903,manual de reparación,inglés,2026-09-26,consultar condiciones del fabricante,data/example_corpus/manuals/pdf_14048509_en-US-1.pdf,segunda fase: 54.5 MB y 1866 fragmentos; mantenimiento y seguridad; reparaciones solo según manual y personal autorizado
PRN-HP-01,HP,LaserJet Enterprise MFP 5602,User Guide,https://support.hp.com/us-en/product/setup-user-guides/hp-laserjet-enterprise-mfp-5602-printer-series/model/2101518903,manual de usuario,inglés,2026-09-26,consultar condiciones del fabricante,data/example_corpus/manuals/pdf_11954803_en-US-1.pdf,paquete inicial: operación y resolución de atascos descrita para usuario; 7.7 MB y 389 fragmentos
CUT-IDEAL-01,IDEAL,5560,IDEAL 5560 / 5560 LT product brochure,,folleto de producto,inglés,2026-10-02,consultar condiciones del fabricante,data/example_corpus/manuals/IDEAL_5560-5560_LT_engl.pdf,solo características visibles; no es manual de operación ni mantenimiento
PC-HP-01,HP,ZBook 15,Maintenance and Service Guide,https://support.hp.com/ie-en/product/setup-user-guides/hp-zbook-15-mobile-workstation/5387800,manual de servicio,inglés,2026-09-26,consultar condiciones del fabricante,data/example_corpus/manuals/c03985204.pdf,guía de servicio de generación anterior; confirmar generación y servicio autorizado
PRN-KODAK-01,Kodak,NEXPRESS S2500,NEXPRESS Developer's Interface Guide System 20.0,,especificación de interfaz,inglés,2026-10-02,consultar términos de Kodak,data/example_corpus/manuals/KODAK-NEXPRESS-DIG-v20.0.pdf,solo integración y envío de trabajos; no es manual de reparación física
PRN-KODAK-01,Kodak,NEXPRESS S2500,NEXPRESS Developer's Interface Reference System 22.0,,especificación de interfaz,inglés,2026-10-02,consultar términos de Kodak,data/example_corpus/manuals/KODAK-NEXPRESS-DIR-v22.pdf,solo comandos y atributos de interfaz; no es manual de reparación física
PRN-HP-01,HP,LaserJet Enterprise MFP 5602,Guía sintética de impresora de producción,,simulación técnica,español,2026-09-29,contenido original del proyecto,data/example_corpus/manuals/01_impresora_produccion.md,paquete inicial: simulación; 3 fragmentos; no es documentación del fabricante
CUT-IDEAL-01,IDEAL,5560,Guía sintética de cortadora de papel,,simulación técnica,español,2026-09-29,contenido original del proyecto,data/example_corpus/manuals/02_cortadora_papel.md,paquete inicial: simulación; 3 fragmentos; no es documentación del fabricante
PRN-KODAK-01,Kodak,NEXPRESS S2500,Guía sintética de prensa digital,,simulación técnica,español,2026-09-29,contenido original del proyecto,data/example_corpus/manuals/03_prensa_digital.md,paquete inicial: simulación; 3 fragmentos; no es documentación del fabricante
PC-HP-01,HP,ZBook 15,Guía sintética de estación de preprensa,,simulación técnica,español,2026-09-29,contenido original del proyecto,data/example_corpus/manuals/04_estacion_preprensa.md,paquete inicial: simulación; 3 fragmentos; no es documentación del fabricante
AIR-TRAIN-01,,,Guía sintética de sistema de aire de taller,,simulación técnica,español,2026-09-29,contenido original del proyecto,data/example_corpus/manuals/05_sistema_aire_taller.md,paquete inicial: simulación; 2 fragmentos; excluida de órdenes
,,,HP accessory installation guides and unrelated whitepapers,,fuentes auxiliares,inglés,2026-10-02,fuentes externas; no indexar por defecto,"data/example_corpus/manuals/pdf_12870932_en-US-1.pdf; data/example_corpus/manuals/pdf_12904670_en-US-1.pdf; data/example_corpus/manuals/pdf_13030811_en-US-1.pdf; data/example_corpus/manuals/pdf_13031078_en-US-1.pdf; data/example_corpus/manuals/pdf_13034368_en-US-1.pdf; data/example_corpus/manuals/pdf_13034547_en-US-1.pdf; data/example_corpus/manuals/pdf_13035026_en-US-1.pdf; data/example_corpus/manuals/pdf_13820547_en-US-1.pdf; data/example_corpus/manuals/pdf_15659567_en-US-1.pdf; data/example_corpus/manuals/pdf_2096027_en-US-1.pdf; data/example_corpus/manuals/c03929650.pdf; data/example_corpus/manuals/c03945635.pdf",excluidos del índice de mantenimiento: accesorio, BIOS, avisos generales o equipo/modelo no confirmado
